Notes	Identifier	English	日本人	Deutsch	Português	Italiano	Français	Español	Русский	한국의	中国的
Press Start	PressStart	Press Start	スタートを押す	Drücken Sie auf Start	Pressione Iniciar	Premere Start	Appuyez sur Start	Pulse Inicio	Нажмите кнопку Пуск	시작 누르십시오	按“开始”
Press Any Key	PressAnyKey	Press Any Key	任意のキーを押し	Drücken Sie eine beliebige Taste	Prima qualquer tecla	Premere un tasto qualsiasi	Appuyez sur n'importe quelle touche	Presione cualquier tecla	Нажмите любую клавишу	모든 키를 누르면	按任意键
The Arcade	TheArcade	The Arcade	アーケード	Der Arcade	O Arcade	The Arcade	The Arcade	The Arcade	Аркады	아케이드	商场
Story Mode	StoryMode	Story Mode	ストーリーモード	Story-Modus	Story Mode	Story Mode	Mode Histoire	Story Mode	Story Mode	스토리 모드	故事模式
Free Play	FreePlay	Free Play	フリープレイ	Free Play	Free Play	Free Play	Free Play	Juego Gratis	Free Play	무료 플레이	免费玩
Options	Options	Options	オプション	Optionen	Opções	Opzioni	Options de	Opciones	Опции	옵션	选项
Exit	Exit	Exit	終了する	Verlassen	Sair	Uscita	Sortie	Salida	Выход	출구	出口
Exit game?	ExitGame	Exit game?	ゲームを終了しますか？	Verlassen Spiel?	Saia jogo?	Uscire gioco?	Quittez jeu?	Salir de juego?	Выход игры?	게임을 종료?	退出游戏吗？
Yes	Yes	Yes	はい	Ja	Sim	Sì	Oui	Sí	Да	예	是
No	No	No	ノー	Nicht	Não	No	Aucun	No	Нет	아니	没有
Language	Language	Language	言語	Sprache	Linguagem	Lingua	Langue	Idioma	Язык	언어	语
Sound Volume	SoundVolume	Sound Volume	サウンドのボリューム	Sound Volume	Volume de som	Suono Volume	Volume sonore	Sonido Volumen	Громкость звука	사운드 볼륨	音量
Music Volume	MusicVolume	Music Volume	音楽ボリューム	Music Volume	Volume de Música	Musica Volume	Volume de la musique	Music Volumen	Music Volume	음악 볼륨	音乐音量
Controls	Controls	Controls	コントロール	Steuerung	Controles	Controlli	Contrôles	Controles	Управление	컨트롤	控制
Edit Controls	EditControls	Edit Controls	編集コントロール	Edit Controls	Controles de edição	Controlli di modifica	Contrôles d'édition	Controles de edición	Edit управления	편집 컨트롤	编辑控件
Resolution	Resolution	Resolution	分解能	Auflösung	Resolução	Risoluzione	Résolution	Resolución	Разрешение	해결	决议
Full screen	FullScreen	Full screen	フルスクリーン	Vollbild	Tela cheia	Schermo intero	Plein écran	Pantalla completa	Полный экран	전체 화면	全屏幕
Window border	WindowBorder	Window border	ウィンドウの境界	Fensterrahmen	Borda da janela	Finestra di frontiera	Bord de la fenêtre	Ventana frontera	Окно границу	창 테두리	窗口边框
On	On	On	上の	Auf	Em	Su	Sur	En	На	에	上
Off	Off	Off	オフ	Ab	Fora	Spento	De	De	От	끄기	离
Quick spawn	QuickSpawn	Quick spawn	クイックスポーン	Schnelle Spawn	Desova rápida	Rapida uova	Rapide spawn	Quick spawn	Быстрый икры	빠른 자식	快速重生
Power up menu	PowerUpMenu	Power up menu	メニューをパワーアップ	Power up-Menü	Menu-se poder	Potenza menu	Menu de configuration de puissance	Poder menú hasta	Меню питания до	파워 업 메뉴	电源菜单
Left	Left	Left	左	Links	Esquerda	Sinistra	Gauche	Izquierda	Левое	왼쪽	左
Right	Right	Right	右	Rechts	Direito	Destra	Droit	Derecho	Право	권리	权
Up	Up	Up	アップ	Nach oben	Acima	Su	Jusqu'à	Hasta	Вверх	올라	上
Down	Down	Down	ダウン	Nach unten	Para baixo	Giù	Vers le bas	Abajo	Вниз	아래로	下
Replay, previous part	ReplayPrev	Replay, previous part	リプレイ、前の部分	Replay, vorherigen Teil	Parte Replay, anterior	Replay, parte precedente	Replay, une partie précédente	Replay, parte anterior	Replay, предыдущая часть	재생, 이전 부분	重播，以前的部分
Replay, next part	ReplayNext	Replay, next part	リプレイ、次の部分	Replay, nächster Teil	Parte Replay, próximo	Replay, parte successiva	Replay, partie suivante	Replay, la siguiente parte	Replay, следующая часть	재생, 다음 부분	重播，接下来的部分
Replay, toggle single/multi playback	ReplayToggle	Replay, toggle single/multi playback	リプレイ、トグルシングル/マルチ再生	Replay, toggle Single / Multi-Wiedergabe	Replay, reprodução única / multi alternância	Replay, interruttore singolo / multi riproduzione	Replay, bascule simple / multi lecture	Replay, palanca simple / reproducción múltiple	Replay, переключение одного / нескольких воспроизведения	재생 토글 멀티 / 싱글 재생	重播，切换单/多张回放
Toggle slow-mo	ToggleSlowMo	Toggle slow-mo	スローモーションを切り替える	Umschalten Zeitlupe	Alternar câmera lenta	Toggle slow-mo	Basculer slow-mo	Alternar cámara lenta	Переключить замедленное движение	느린 움직임을 전환	切换慢动作
Accept	Accept	Accept	受け入れる	Akzeptieren	Aceitar	Accettare	Accepter	Aceptar	Принимать	동의	接受
Back	Back	Back	バック	Zurück	De volta	Indietro	Arrière	Espalda	Назад	뒤로	背面
Menu	Menu	Menu	メニュー	Menü	Menu	Menu	Menu	Menú	Меню	메뉴	菜单
Reset	Reset	Reset	リセット	Rücksetzen	Restabelecer	Reset	Remettre	Reajustar	Сброс	재설정	复位
Press A to Join	PressToJoin	Press\n{0}\nto Join	参加す\n{0}\nるには、を押し	A drücken, um Mitglied	Pressione\n{0}\npara Aderir	Premere\n{0}\nper iscriverti	Appuyez sur\n{0}\npour inscription	Presione\n{0}\npara unirse	Нажмите для регистрации	가입하려면 버튼을 누르세요	按A注册
Custom	Custom	Custom	カスタム	Brauch	Personalizado	Costume	Coutume	Costumbre	Обычай	관습	习惯
Random	Random	Random	ランダム	Zufällig	Acaso	Casuale	Aléatoire	Azar	Случайный	무작위	随机
Done	Done	Done	完了	Erledigt	Feito	Fatto	Fini	Hecho	Сделанный	끝난	完成
Color	Color	Color	色	Farbe	Cor	Colore	Couleur	Color	Цвет	색	颜色
Beard	Beard	Beard	ビアード	Bart	Barba	Barba	Barbe	Barba	Борода	수염	胡子
Hat	Hat	Hat	帽子	Hut	Chapéu	Cappello	Chapeau	Sombrero	Шляпа	모자	帽子
Cape	Cape	Cape	ケープ	Kap	Capa	Capo	Cap	Capa	Мыс	어깨 망토	披肩
Lining	Lining	Lining	ライニング	Futter	Forro	Fodera	Doublure	Revestimiento	Подкладка	알맹이	衬里
Use	Use	Use	使用	Verwenden	Usar	Utilizzare	Utiliser	Utilizar	Использовать	사용	使用
Cancel	Cancel	Cancel	キャンセル	Kündigen	Cancelar	Annullare	Annuler	Cancelar	Отменить	취소	取消
White	White	White	白	Weiß	Branco	Bianco	Blanc	Blanco	Белый	화이트	白
Silver	Silver	Silver	シルバー	Silber	Prata	Argento	Argent	Plata	Серебро	은	银
Gray	Gray	Gray	グレー	Grau	Cinza	Grigio	Gris	Gris	Грэй	회색	灰色
Black	Black	Black	ブラック	Schwarz	Preto	Nero	Noir	Negro	Черный	검은	黑色
Cyan	Cyan	Cyan	シアン	Cyan	Ciano	Ciano	Cyan	Cian	Голубой	청록색	青色
Blue	Blue	Blue	ブルー	Blau	Azul	Blu	Bleu	Azul	Синий	푸른	蓝色
Teal	Teal	Teal	ティール	Teal	Marrequinho	Teal	Sarcelle	Teal	Чирок	물오리	蒂尔
Indigo	Indigo	Indigo	藍	Indigo	Índigo	Indaco	Indigo	Añil	Индиго	남빛	靛青
Purple	Purple	Purple	紫	Lila	Roxo	Porpora	Violet	Púrpura	Фиолетовый	자	紫色
Brown	Brown	Brown	ブラウン	Braun	Marrom	Marrone	Brun	Marrón	Коричневый	갈색	棕色
Red	Red	Red	赤	Rot	Vermelho	Rosso	Rouge	Rojo	Красный	붉은	红色
Hot Pink	HotPink	Hot Pink	ショッキングピンク	Hot Pink	Hot Pink	Hot Pink	Hot Pink	Hot Pink	Hot Pink	핫 핑크	粉色
Orange	Orange	Orange	オレンジ	Orange	Laranja	Arancione	Orange	Naranja	Оранжевый	오렌지	橙
Gold	Gold	Gold	ゴールド	Gold	Ouro	Oro	Or	Oro	Золото	금	金
Yellow	Yellow	Yellow	黄色	Gelb	Amarelo	Giallo	Jaune	Amarillo	Желтый	황색	黄
Green	Green	Green	グリーン	Grün	Verde	Verde	Vert	Verde	Зеленый	녹색	绿色
Lime Green	LimeGreen	Lime Green	ライムグリーン	Lime Green	Lime Green	Lime Green	Lime Green	Verde lima	Lime Green	라임 그린	石灰绿
Forest Green	ForestGreen	Forest Green	フォレストグリーン	Forest Green	Mata Verde	Forest Green	Forest Green	Forest Green	Форест Грин	숲 그린	森林绿
Ninja; Dark Black	Ninja	Ninja	忍者	Ninja	Ninja	Ninja	Ninja	Ninja	Ниндзя	닌자	忍者
Bright White	BrightWhite	Bright White	ブライトホワイト	Bright White	Branco Brilhante	Bright White	Bright White	Blanco brillante	Ярко-белая	밝은 화​​이트	明亮的白色
Clear	Clear	Clear	明確な	Löschen	Limpar	Cancella	Effacer	Borrar	Очистить	삭제	清除
Rugged	Rugged	Rugged	頑丈な	Rau	Acidentado	Aspro	Robuste	Escabroso	Прочный	울퉁불퉁 한	崎岖
Manhattan	Manhattan	Manhattan	マンハッタン	Manhattan	Manhattan	Manhattan	Manhattan	Manhattan	Манхеттен	맨해튼	曼哈顿
Lumberjack	Lumberjack	Lumberjack	木こり	Holzfäller	Lenhador	Taglialegna	Bûcheron	Leñador	Лесоруб	럼버 재킷	伐木工
Goatee	Goatee	Goatee	ヤギひげ	Spitzbart	Cavanhaque	Pizzo	Barbiche	Barbas de chivo	Эспаньолка	수염	山羊胡
Vandyke	Vandyke	Vandyke	バンダイク	Vandyke	Vandyke	Vandyke	Vandyke	Vandyke	Бородка клином	반다이 크	Vandyke
None	None	None	なし	Keiner	Nenhum	Nessuno	Aucun	Ninguno	Никто	...의 어느 조금도 ... 않다	无
Viking	Viking	Viking	バイキング	Wikinger	Viking	Vichingo	Viking	Vikingo	Викинг	바이킹	维京人
Fedora	Fedora	Fedora	フェドーラ	Fedora	Fedora	Fedora	Feutre	Fedora	Мягкая фетровая шляпа	페도라	Fedora的
Afro	Afro	Afro	アフロ	Afro	Afro	Afro	Afro	Afro	Афро	아프리카	非洲
Halo	Halo	Halo	ハロー	Halo	Halo	Alone	Halo	Halo	Гало	후광	晕
Firehead	Firehead	Firehead	火災·ヘッド	Feuer Leiter	Cabeça de fogo	Fuoco Capo	Chef d'incendie	Fuego Head	Огонь руководитель	소방 헤드	消防主管
Horns	Horns	Horns	ホルン	Horns	Chifres	Corni	Horns	Cuernos	Рожки	어느 한 쪽	喇叭
Bubble	Bubble	Bubble	バブル	Blase	Bolha	Bolla	Bulle	Burbuja	Пузырь	거품	泡沫
Top Hat; Top Hat	TopHat	Top Hat	うーん、はい、確かに	Mmm, ja, ja	Mmm, sim, de fato	Mmm, sì, davvero	Mmm, oui, en effet	Mmm, sí, por supuesto	Ммм, да, действительно	음, 네, 그렇군요	嗯，是的，的确
Knight Helmet; Sir Arthur	KnightHelmet	Sir Arthur	サー·アーサー	Sir Arthur	Sir Arthur	Sir Arthur	Sir Arthur	Sir Arthur	Сэр Артур	경 아서	亚瑟先生
Trippy; Mushroom hat	MushroomHat	Trippy	頭がクラクラするような	Trippy	Trippy	Trippy	Trippy	Trippy	Trippy	버섯	蘑菇
Om Nom Nom (eating noise)	OmNomNom	Om Nom Nom	だからおいしい	So Tasty	Então Tasty	Così Tasty	Donc, Tasty	Así Tasty	Так вкусно	그럼 맛있는	如此美味
BRAAAAINS; Brain hat	BrainHat	BRAAAAINS	ブレインズ	Köpfchen	Miolos	Mente	Cerveau	Sesos	Мозги	두뇌	脑
Gosu [Korean word for awesome/skilled]	Gosu	Gosu	Gosu	Gosu	Gosu	Gosu	Gosu	Gosu	Gosu	고수	古薮
Robin Hood; Bob in Tights	RobinHood	Bob in Tights	タイツでボブ	Bob in Strumpfhosen	Bob em collants	Bob in Collant	Bob en collant	Bob en Medias	Боб в трико	스타킹을 밥	鲍勃裤袜
Reggae; Marley; Rastafarian	Reggae	Reggae	レゲエ	Reggae	Reggae	Reggae	Reggae	Reggae	Reggae	레게	雷鬼
Pumpkin	Pumpkin	Pumpkin	カボチャ	Kürbis	Abóbora	Zucca	Citrouille	Calabaza	Тыква	호박	南瓜
Pirate Hat; AAAARGH;	PirateHat	AAAARGH	海賊	Pirat	Pirata	Pirata	Pirate	Pirata	Пират	해적	海盗
Hard Hat; Men at Work	HardHat	Men at Work	工事中	Men at Work	Homens trabalhando	Lavori in corso	Men at Work	Hombres trabajando	Дорожные работы	도로 공사중	施工标志
Four Eyes; Groucho glasses; glasses	FourEyes	Four Eyes	四の瞳	Four Eyes	Quatro Olhos	Quattro Occhi	Four Eyes	Cuatro Ojos	Четыре глаза	네 눈	四只眼睛
Bunny Ears	BunnyEars	Bunny Ears	ウサギの耳	Bunny Ears	Orelhas de coelho	Bunny Ears	Oreilles de lapin	Las orejas del conejito	Уши кролика	토끼의 귀	兔子耳朵
Antlers; The Great Stag	Antlers	The Great Stag	グレートスタッグ	The Great Stag	O Veado Grande	Il grande cervo	Le grand cerf	El Gran Ciervo	Большой олень	대 남성	大雄鹿
Arrow-through-head; Custer	ArrowThroughHead	Custer	カスター	Custer	Custer	Custer	Custer	Custer	Кастер	커 스터	卡斯特
Brown Bag	BrownBag	Brown Bag	ブラウンバッグ	Brown Bag	Brown Bag	Brown Bag	Brown Bag	Brown Bag	Brown Bag	브라운 백	棕色大包
Traffic Cone	TrafficCone	Traffic Cone	トラフィックコーン	Traffic Cone	Cone do tráfego	Traffic Cone	Cône de signalisation	Cono del tráfico	Конус движения	교통 콘	交通锥
Pope Hat	PopeHat	Pope Hat	教皇の帽子	Papst Hat	Papa Hat	Papa Hat	Pape Hat	Papa Hat	Папа Hat	교황 모자	教皇帽子
Rice Hat	RiceHat	Rice Hat	ライスハット	Rice Hat	Rice Hat	Rice Hat	Rice Hat	Rice Hat	Райс Hat	쌀 모자	水稻帽
Santa Claus	SantaClaus	Santa Claus	サンタクロース	Weihnachtsmann	Papai Noel	Babbo Natale	Père Noël	Papá Noel	Дед Мороз	산타 클로스	圣诞老人
Sombrero	Sombrero	Sombrero	ソンブレロ	Sombrero	Sombrero	Sombrero	Sombrero	Sombrero	Сомбреро	솜브레로	草帽
Tiki Mask	TikiMask	Tiki Mask	ティキマスク	Tiki Mask	Tiki Máscara	Tiki Mask	Masque de Tiki	Tiki Mask	Tiki Mask	티키 마스크	蒂基面具
Wizard	Wizard	Wizard	ウィザード	Zauberer	Bruxo	Mago	Magicien	Mago	Волшебник	마법사	巫师
Location	Location	Location	場所	Lage	Localização	Posizione	Emplacement	Ubicación	Местоположение	위치	位置
Game	Game	Game	ゲーム	Spiel	Jogo	Gioco	Jeu	Juego	Игра	경기	游戏
Classic	ClassicGame	Classic	古典	Klassiker	Clássico	Classico	Classique	Clásico	Классический	고전적인	经典
Wall level	WallLevel	Wall level	壁レベル	Wand-Ebene	Nível da parede	Muro livello	Niveau mur	Wall nivel	Стена уровне	벽 수준	长城水平
Bungee	Bungee	Bungee	Bungee	Bungee	Bungee	Bungee	Bungee	Bungee	Bungee	Bungee	Bungee
Hero	Hero	Hero	ヒーロー	Held	Herói	Eroe	Héros	Héroe	Герой	영웅	英雄
Difficulty	Difficulty	Difficulty	難しさ	Schwierigkeit	Dificuldade	Difficoltà	Difficulté	Dificultad	Трудность	어려움	困难
Training	Training	Training	訓練	Training	Treinamento	Formazione	Formation	Formación	Обучение	훈련	训练
Unpleasant	Unpleasant	Unpleasant	不快	Unangenehm	Desagradável	Sgradevole	Désagréable	Desagradable	Неприятный	불쾌한	不愉快
Abusive	Abusive	Abusive	口汚い	Beleidigend	Abusivo	Abusivo	Abusif	Abusivo	Оскорбительный	남용	滥用的
Hardcore	Hardcore	Hardcore	ハードコア	Hardcore	Porno	Hardcore	Hardcore	Duro	Hardcore	하드 코어	性交
Masochistic	Masochistic	Masochistic	自虐的な	Masochistisch	Masoquista	Masochistico	Masochiste	Masoquista	Мазохистский	폭력에 복종하는 야망	受虐狂
Length	Length	Length	長さ	Länge	Comprimento	Lunghezza	Longueur	Longitud	Длина	길이	长度
Checkpoints	Checkpoints	Checkpoints	チェックポイント	Checkpoints	Checkpoints	Punti di controllo	Les points de contrôle	Los puestos de control	Контрольно-пропускные пункты	체크 포인트	检查点
Start	Start	Start	スタート	Starten	Começar	Inizio	Commencer	Iniciar	Начало	출발	开始
Continue	Continue	Continue	続ける	Fortsetzen	Continuar	Continuare	Continuer	Continuar	Продолжать	계속	继续
Load Level	LoadLevel	Load Level	負荷レベル	Lastniveau	Carregar Nível	Livello di carico	Chargez niveau	Nivel de carga	Уровень нагрузки	수준을로드	负荷水平
Hero Factory	HeroFactory	Hero Factory	ヒーロー·ファクトリー	Hero Factory	Hero Factory	Hero Factory	Hero Factory	Héroe de la fábrica	Hero Factory	영웅 공장	英雄工厂
Base	Base	Base	ベース	Basis	Base	Base	Base	Base	База	베이스	基地
Jump	Jump	Jump	ジャンプ	Springen	Saltar	Saltare	Sauter	Saltar	Прыгать	도약	跳
Shape	Shape	Shape	形状	Gestalten	Forma	Forma	Forme	Forma	Форма	모양	塑造
Play	Play	Play	遊ぶ	Spielen	Jogar	Giocare	Jouer	Jugar	Играть	놀이	玩
Test	Test	Test	テスト	Test	Teste	Test	Test	Prueba	Тест	테스트	测试
Passive	Passive	Passive	受動	Passiv	Passiva	Passivo	Passif	Pasivo	Пассивный	수동태	被动
Aggressive	Aggressive	Aggressive	積極的な	Aggressiv	Agressivo	Aggressivo	Agressif	Agresivo	Агрессивный	적극적인	进取
Next	Next	Next	次の	Nächste	Próximo	Prossimo	Suivant	Próximo	Следующий	다음	下
Jump difficulty	JumpDifficulty	Jump difficulty	難しさをジャンプ	Gehe Schwierigkeiten	Ir dificuldade	Vai difficoltà	Aller difficulté	Ir dificultad	Перейти трудности	어려움을 이동	跳跃难度
Level speed	LevelSpeed	Level speed	レベルの速度	Stufe Geschwindigkeit	Velocidade do nível de	Livello di velocità	Vitesse de niveau	Nivel de velocidad	Скорость горизонтального полета	레벨 속도	水平速度
Ceilings	Ceilings	Ceilings	天井	Decken	Tectos	Soffitti	Plafonds	Techos	Потолки	천장	天花板
Moving blocks	MovingBlocks	Moving blocks	移動ブロック	Blöcke verschieben	Blocos que se deslocam	Spostamento di blocchi	Blocs en mouvement	Bloques en movimiento	Перемещение блоков	이동 블록	移动块
Ghost blocks	GhostBlocks	Ghost blocks	ゴースト·ブロック	Geist Blöcken	Blocos fantasmas	Fantasma blocchi	Blocs fantômes	Bloques de Ghost	Дух Блоки	유령 블록	鬼块
Falling blocks	FallingBlocks	Falling blocks	落ちてくるブロック	Fallenden Blöcke	Blocos de queda	Blocchi che cadono	Falling blocks	La caída de bloques	Падение блоков	하락 블록	下落的方块
Elevators	Elevators	Elevators	エレベーター	Aufzüge	Elevadores	Ascensori	Ascenseurs	Ascensores	Лифты	엘리베이터	电梯
Clouds	Clouds	Clouds	雲	Wolken	Nuvens	Nuvole	Nuages	Nubes	Облака	구름	云
Bouncy blocks	BouncyBlocks	Bouncy blocks	弾むブロック	Bouncy Blöcken	Blocos Bouncy	Bouncy blocchi	Blocs gonflables	Bloques hinchables	Bouncy блоков	탄력이 블록	蹦蹦块
Pendulums	Pendulums	Pendulums	振り子	Pendel	Pêndulos	Pendoli	Pendules	Péndulos	Маятники	흔들리는 진자	钟摆
Flying blobs	FlyingBlobs	Flying blobs	フライングブロブ	Fliegen Blobs	Bolhas de vôo	Blob volanti	Blobs de vol	Manchas vuelo	Полет капли	플라잉 모양	飞行斑点
Firespinners	Firespinners	Firespinners	火災スピナーズ	Feuer Spinners	Spinners fogo	Fuoco Spinners	Spinners incendie	Spinners Fuego	Огонь Spinners	화재 힐 스페이서	消防纱厂
Boulders	Boulders	Boulders	ボルダー	Geröll	Boulders	Boulders	Boulders	Cantos rodados	Валуны	바위	巨石
Spikey guys	SpikeyGuys	Spikey guys	フック側の連中	Spikey Jungs	Caras Spikey	Spikey ragazzi	Les gars Spikey	Spikey chicos	Spikey парней	스파이크하는 사람들	Spikey人
Lasers	Lasers	Lasers	レーザー	Laser	Lasers	Laser	Lasers	Los láseres	Лазеры	레이저	激光
Spikes	Spikes	Spikes	スパイク	Spikes	Spikes	Spikes	Spikes	Spikes	Шипы	스파이크	钉鞋
Sludge	Sludge	Sludge	汚泥	Schlamm	Lodo	Fango	Boue	Lodo	Ил	진흙	污泥
Serpent	Serpent	Serpent	蛇	Schlange	Serpente	Serpente	Serpent	Serpiente	Змея	뱀	蛇
Spikey line	SpikeyLines	Spikey line	フック側ライン	Spikey Linie	Spikey linha	Spikey linea	Spikey ligne	Spikey línea	Spikey линии	스파이크 라인	Spikey线
Fireballs	Fireballs	Fireballs	火の玉	Fireballs	Bolas de fogo	Palle di fuoco	Les boules de feu	Bolas de fuego	Болиды	Fireballs	火球
Acceleration	Acceleration	Acceleration	加速	Beschleunigung	Aceleração	Accelerazione	Accélération	Aceleración	Ускорение	가속	促进
Max Velocity	MaxVelocity	Max Velocity	最大速度	Max Velocity	Velocidade Max	Max velocità	Vitesse Max	Max Velocity	Максимальная скорость	최대 속도	最大速度
Size	Size	Size	サイズ	Größe	Tamanho	Dimensione	Taille	Tamaño	Размер	크기	大小
Gravity	Gravity	Gravity	重力	Schwerkraft	Gravidade	Gravità	Pesanteur	Gravedad	Тяжесть	중량	重力
Max falling speed	MaxFallSpeed	Max falling speed	最大落下速度	Max Fallgeschwindigkeit	Max velocidade de queda	Max velocità di caduta	Vitesse max tomber	Max velocidad de caída	Максимальная скорость падения	최대 낙하 속도	最大下降速度
Friction	Friction	Friction	摩擦	Reibung	Fricção	Attrito	Friction	Fricción	Трение	마찰	摩擦
Jump Length	JumpLength	Jump Length	長さをジャンプ	Gehe Länge	Ir Comprimento	Vai Lunghezza	Aller Longueur	Salto Largo	Перейти длина	길이 이동	跳转长度
Jump Acceleration	JumpAcc	Jump Acceleration	アクセラレーションのジャンプ	Gehe Acceleration	Ir Aceleração	Vai Accelerazione	Aller accélération	Ir Aceleración	Перейти ускорение	가속 이동	跳转加速
Number of Jumps	NumJumps	Number of Jumps	ジャンプの数	Anzahl der Sprünge	Número de Saltos	Numero di salti	Nombre de sauts	Número de Salta	Количество переходов	점프의 수	跳跃数
Double Jump Length	DoubleJumpLength	Double Jump Length	ダブルジャンプの長さ	Double Jump Länge	Comprimento Double Jump	Vai lunghezza doppia	Longueur Double Jump	Longitud de salto doble	Двухместный длиной прыжка	더블 점프 길이	双跳长度
Double Jump Acceleration	DoubleJumpAccel	Double Jump Acceleration	ダブルジャンプアクセラ	Double Jump Acceleration	Aceleração do Double Jump	Vai accelerazione doppia	Accélération Double Jump	Aceleración doble salto	Двухместный Ускорение Перейти	더블 점프 가속	双跳加速
Jetpack Acceleration	JetpackAcc	Jetpack Acceleration	ロケット加速	Raketenbeschleunigung	Aceleração foguete	Accelerazione Rocket	Accélération Rocket	Aceleración Rocket	Ракетный ускорение	로켓 가속	火箭加速
Jetpack Fuel	JetpackFuel	Jetpack Fuel	ロケット燃料	Rocket Fuel	Rocket Fuel	Rocket Fuel	Rocket Fuel	Rocket Fuel	Ракетное горючее	로켓 연료	火箭燃料
Phased Size	PhasedSize	Phased Size	段階的なサイズ	Phased Größe	Tamanho faseada	Dimensione Phased	Taille progressive	Tamaño por fases	Поэтапное размер	단계적 크기	相控尺寸
Phased Gravity	PhasedGravity	Phased Gravity	段階的な重力	Phased Gravity	Gravidade faseada	Gravity Phased	La gravité progressive	Gravedad por fases	Поэтапное гравитации	단계적으로 중력	相控重力
Phase period	PhasePeriod	Phase period	相期間	Phasenperiode	O período da fase	Fase periodo	Période d'élimination	Fase período	Фаза период	단계 기간	相期
Classic Hero [The default hero]	ClassicHero	Classic	古典	Klassiker	Clássico	Classico	Classique	Clásico	Классический	고전적인	经典
Jetman	Jetman	Jetman	ジェットマン	Jetman	Jetman	Jetman	Jetman	Jetman	Jetman	로켓	火箭
Double Jump	DoubleJump	Double Jump	ダブルジャンプ	Doppel-Sprung	Salto duplo	Doppio salto	Double Jump	Doble salto	Двойной прыжок	이동 더블	双跳
Tiny Bob	TinyBob	Tiny Bob	タイニーボブ	Tiny Bob	Bob pequena	Piccolo Bob	Petit Bob	Tiny Bob	Крошечные Боб	작은 밥	微小的鲍勃
Wheelie	Wheelie	Wheelie	ウィーリー	Wheelie	Wheelie	Wheelie	Wheelie	Wheelie	Wheelie	가방	带轮
Spaceship	Spaceship	Spaceship	宇宙船	Raumschiff	Nave	Astronave	Spaceship	Astronave	Космический корабль	우주선	飞船
Hero in a Box	HeroInABox	Hero in a Box	ボックス内のヒーロー	Hero in einer Box	Herói em uma caixa	Eroe in a Box	Hero in a Box	Héroe en una caja	Герой в коробке	상자에 영웅	在一个盒子英雄
Bouncy	Bouncy	Bouncy	弾む	Federnd	Bouncy	Bouncy	Bouncy	Bouncy	Упругий	탄력	蹦蹦
Rocketbox	Rocketbox	Rocketbox	ロケットボックス	Rocket-Box	Caixa de foguete	Box Rocket	Box Rocket	Caja Rocket	Ракетный Box	로켓 박스	火箭盒
Fat Bob	FatBob	Fat Bob	ファットボブ	Fat Bob	Fat Bob	Fat Bob	Fat Bob	Fat Bob	Fat Bob	지방 밥	发鲍勃
Phase Bob	PhaseBob	Phase Bob	位相ボブ	Phase Bob	Fase Bob	Fase di Bob	Phase Bob	Fase Bob	Фаза Боб	단계 밥	第一阶段鲍勃
Viridian [proper noun, may not need to be translated]	Viridian	Viridian	ビリジアン	Viridian	Viridian	Viridian	Viridian	Viridian	Viridian	비리 디언	Viridian的
Time Master	TimeMaster	Time Master	時間マスタ	Time Master	Time Master	Master Tempo	Maître du temps	Master Time	Время Master	시간 마스터	时间主
Meatboy [proper noun, may not need to be translated]	Meatboy	Meatboy	ミートボーイ	Meat Boy	Meat Boy	Meat Boy	Meat Boy	Meat Boy	Meat Boy	육류 보이	肉类男孩
Jetpack Wheelie	JetpackWheelie	Jetpack Wheelie	ロケットウイリー	Rocket-Wheelie	Foguete Wheelie	Rocket Wheelie	Rocket Wheelie	Rocket Wheelie	Ракетный Wheelie	로켓 가방	火箭带轮
Factory; Custom	Factory	Factory	工場	Fabrik	Fábrica	Fabbrica	Usine	Fábrica	Завод	공장	工厂
Sea	Sea	Sea	海	Meer	Mar	Mare	Mer	Mar	Море	바다	海
Hills	Hills	Hills	ヒルズ	Hills	Hills	Hills	Hills	Hills	Hills	언덕	丘陵
Forest	Forest	Forest	森	Wald	Floresta	Foresta	Forêt	Bosque	Лес	숲	森林
Cloud	Cloud	Cloud	クラウド	Wolke	Nuvem	Nuvola	Nuage	Nube	Облако	구름	云
Cave	Cave	Cave	洞窟	Höhle	Caverna	Grotta	Grotte	Cueva	Пещера	동굴	洞穴
Castle	Castle	Castle	城	Schloss	Castelo	Castello	Château	Castillo	Замок	성	城堡
The Beginning	TheBeginning	The Beginning	ビギニング	The Beginning	O Início	L'inizio	The Beginning	The Beginning	The Beginning	초보	初
The Next Ninety-Nine	TheNextNinetyNine	The Next Ninety-Nine	次の九十九	The Next Ninety-Nine	The Next Ninety-Nine	The Next Ninety-Nine	Le prochain Ninety-Nine	The Next Ninety-Nine	Далее Ninety-Nine	다음 아흔 아홉	九十九
A Gauntlet of Doom	AGauntletOfDoom	A Gauntlet of Doom	ドゥームのガントレット	Ein Gauntlet of Doom	A Gauntlet of Doom	Un Gauntlet of Doom	Un Gauntlet of Doom	Un guante de Doom	Gauntlet Судьбы	둠의 도전	笞刑的末日
Almost Hero	AlmostHero	Almost Hero	ほとんどヒーロー	Fast Held	Quase herói	Quasi Eroe	Presque Hero	Casi Héroe	Почти герой	거의 영웅	几乎英雄
The Masochist	TheMasochist	The Masochist	マゾ	Der Masochist	O Masoquista	Il masochista	Le masochiste	El Masochist	Мазохист	피학대 성 변태 성욕 자	受虐狂
Escalation	Escalation	Escalation	エスカレーション	Eskalation	Escalada	Intensificazione	Escalade	Escalada	Эскалация	단계적 확대	升级
Time Crisis	TimeCrisis	Time Crisis	タイムクライシス	Time Crisis	Time Crisis	Time Crisis	Time Crisis	Time Crisis	Time Crisis	시간 위기	时间危机
Hero Rush	HeroRush	Hero Rush	ヒーローラッシュ	Held Rush	Corrida herói	Eroe Rush	Rush Hero	Héroe de Rush	Герой Rush	영웅 러쉬	英雄火拼
Hybrid Rush	HybridRush	Hybrid Rush	ハイブリッドラッシュ	Hybrid Rush	Corrida híbrido	Rush Hybrid	Rush hybride	Fiebre del híbrido	Гибридный Rush	하이브리드 러쉬	混合拉什
High Score	HighScore	High Score	高得点	High Score	Pontuação alta	High Score	Score élevé	High Score	Высокая оценка	높은 점수	高分数
Best Level	BestLevel	Best Level	最高レベル	Beste Niveau	Melhor nível	Miglior livello	Meilleur niveau	Mejor nivel	Лучший уровень	최고 수준	最好的水平
Leaderboard	Leaderboard	Leaderboard	リーダーボード	Rangliste	Leaderboard	Leaderboard	Leaderboard	Tabla de Posiciones	Leaderboard	리더	排行榜
Score	Score	Score	スコア	Partitur	Contagem	Punteggio	Score	Puntuación	Счет	점수	得分
Level	Level	Level	レベル	Ebene	Nível	Livello	Niveau	Nivel	Уровень	레벨	水平
Ready?	Ready	Ready?	準備はできましたか？	Ready?	Pronto?	Pronti?	Prêt?	Ready?	Готовы?	준비가 되셨습니까?	准备好了？
Go!	Go	Go!	ゴー！	Go!	Go!	Go!	Go!	Go!	Go!	어서!	加油！
Get to the exit!	GetToTheExit	Get to the exit!	出口に向かって！	Holen Sie zum Ausgang!	Chegar à saída!	Prendi per l'uscita!	Obtenir à la sortie!	Llega a la salida!	Получить на выход!	출구를 찾아!	到出口！
__ seconds on the clock!	SecondsOnTheClock	seconds on the clock!	時計の秒！	Sekunden auf der Uhr!	segundos no relógio!	secondi l'orologio!	secondes sur l'horloge!	segundos en el reloj!	секунд на часах!	시계에 초!	秒的时钟！
Coins add seconds to the clock	CoinsAddSeconds	Coins add seconds to the clock	コインは時計に秒を追加	Coins hinzuzufügen Sekunden der Uhr	Moedas adicionar segundos para o relógio	Monete aggiungere secondi per l'orologio	Coins ajouter des secondes à l'horloge	Monedas añadir segundos al reloj	Монеты добавить секунды к часам	동전은 시계에 초를 추가	硬币秒的时钟
Get a high score!	GetAHighScore	Get a high score!	高得点をゲット！	Holen Sie sich eine hohe Punktzahl!	Obter uma alta pontuação!	Ottieni un punteggio alto!	Obtenir un score élevé!	Obtener una puntuación más alta!	Получить высокий балл!	높은 점수를 잡아!	获得了很高的分数！
Perfect!	Perfect	Perfect!	パーフェクト！	Perfect!	Perfeito!	Perfetto!	Parfait!	Perfecto!	Perfect!	완벽 해!	完美！
+1 Life	ExtraLife	+1 Life	1生命	+1 Leben	Uma Vida	+1 Vita	+1 Vie	Una vida	+1 Жизнь	한 생활	+1生活
Press ___ (button)	Press	Press	押す	Drücken	Imprensa	Premere	Appuyer	Pulsar	Нажимать	키를 눌러	按
Resume	Resume	Resume	再開する	Fortsetzen	Retomar	Riprendere	Reprendre	Reanudar	Резюме	다시 시작하다	恢复
Statistics	Statistics	Statistics	統計	Statistiken	Estatística	Statistica	Statistiques	Estadística	Статистика	통계	统计
Save/Load	SaveLoad	Save/Load	セーブ/ロード	Speichern / Laden	Salvar / Carregar	Save / Load	Enregistrer / Charger	Guardar / Cargar	Сохранить / Загрузить	저장 /로드	保存/载入
Remove Me	RemoveMe	Remove Me	Meを削除する	Entfernen Me	Remova-me	Rimuovere Me	Moi Remove	Quite Me	Удалить Me	Me를 제거	删除我
Exit Level	ExitLevel	Exit Level	レベルを終了し、	Exit Ebene	Sair Nível	Uscire livello	Quittez niveau	Nivel de Salida	Выйдите из уровня	수준을 종료	出口级
Random Seed	RandomSeed	Random Seed	ランダムシード	Random Seed	Random Seed	Numero casuale	Random Seed	Raíz aleatoria	Случайное зерно	임의의 종자	随机种子
Save Seed	SaveSeed	Save Seed	種子を保存	Speichern Seed	Salve Semente	Salva Seed	Enregistrer semences	Guardar semillas	Сохранить семенной	종자를 저장	保存种子
Load Seed	LoadSeed	Load Seed	負荷シード	Last Seed	Semente de carga	Carico Seed	Graine de charge	Carga de Semillas	Нагрузка семенной	로드 씨	负载种子
Copy to clipboard	CopyToClipboard	Copy to clipboard	クリップボードにコピー	In die Zwischenablage kopieren	Copiar para o clipboard	Copia nella clipboard	Copier dans le presse papier	Copiar al portapapeles	Копировать в буфер обмена	클립 보드에 복사	复制到剪贴板
Load from clipboard	LoadFromClipboard	Load from clipboard	クリップボードから読み込む	Laden aus der Zwischenablage	Carregar da área de transferência	Carica da appunti	Charger à partir du presse-papiers	Cargar desde el portapapeles	Загрузите из буфера обмена	클립 보드에서로드	负载从剪贴板
Remove Player _______?	RemovePlayerQuestion	Remove Player	Playerを削除	Spieler entfernen	Remover jogador	Rimuovere Player	Supprimer un joueur	Eliminar jugador	Удалить игрока	플레이어를 제거	删除播放器
Exit level?	ExitLevelQuestion	Exit level?	レベルを終了しますか？	Verlassen Ebene?	Sair nível?	Uscire livello?	Quittez niveau?	Salir de nivel?	Выход уровне?	레벨을 종료 하시겠습니까?	退出的水平呢？
Save Random Seed as...	SaveRandomSeedAs	Save Random Seed as...	とランダムシードを保存...	Speichern Random Seed als ...	Salve Random Seed como ...	Salva casuale come ...	Enregistrer sous ... Random Seed	Guardar como ... Random Seed	Сохранить Случайное зерно как ...	으로 무작위 씨앗을 저장 ...	随机种子另存为...
Saved Seeds	SavedSeeds	Saved Seeds	保存した種子	Gespeichert Seeds	Sementes salvos	Semi salvate	Graines enregistrés	Las semillas guardadas	Сохранено семена	저장된 씨앗	保存的种子
Load the following seed...?	LoadTheFollowingSeedQuestion	Load the following seed...?	次のシードを読み込む...？	Legen Sie die folgenden Samen ...?	Coloque o seguinte semente ...?	Caricare il seme seguente ...?	Chargez la graine suivants ...?	Cargue la semilla siguiente ...?	Загрузите следующий семян ...?	다음과 같은 씨앗을로드 ...?	加载下面的种子吗？
Seed saved successfully!	SeedSavedSuccessfully	Seed saved successfully!	種子の保存に成功しました！	Seed erfolgreich gespeichert!	Semente salvo com sucesso!	Seed salvato con successo!	Semences conservées avec succès!	Semilla guardado correctamente!	Семенной успешно сохранены!	씨앗이 성공적으로 저장되었습니다!	种子保存成功！
Hooray!	Hooray	Hooray!	めでたしめでたし！	Hooray!	Hooray!	Hooray!	Hourra!	¡Hurra!	Ура!	만세!	万岁！
No name given, seed was not saved.	NoNameGiven	No name given, seed was not saved.	No name given, seed was not saved.	No name given, seed was not saved.	No name given, seed was not saved.	No name given, seed was not saved.	No name given, seed was not saved.	No name given, seed was not saved.	No name given, seed was not saved.	No name given, seed was not saved.	No name given, seed was not saved.
Oh. [Confirmation for when no seed was saved]	Oh	Oh.	Oh.	Oh.	Oh.	Oh.	Oh.	Oh.	Oh.	Oh.	Oh.
Levels beat	LevelsBeat	Levels beat	打つレベル	Levels zu schlagen	Níveis de bater	Livelli di battere	Niveaux battre	Niveles de vencer	Уровни бить	레벨 이길	水平打
Jumps [how many times the player has jumped]	Jumps	Jumps	ジャンプ	Jumps	Saltos	Salti	Sauts	Saltos	Переходы	점프	跳转
Coins	Coins	Coins	コイン	Münzen	Moedas	Monete	Pièces	Monedas	Монеты	동전	硬币
Grabbed [how many coins the player has grabbed total]	Grabbed	Grabbed	つかん	Packte	Agarrou	Afferrato	Grabbed	Agarró	Схватил	붙잡고	抓起
out of [how many coins the player could have got if they got all of them]	CoinsOutOf	out of	のうち、	aus	fora de	su	de	fuera de	из	나가는	出
(percent) [the percent of coins the player got out of the number they could have got]	Percent	(percent)	（パーセント）	(In Prozent)	(Por cento)	(Per cento)	(Pour cent)	(Por ciento)	(В процентах)	(퍼센트)	（％）
Average Life [the average amount of time a player lives]	AverageLife	Average Life	平均寿命	Durchschnittliche Lebensdauer	A vida média	Vita media	Durée de vie moyenne	Vida Media	Средний срок службы	평균 수명	平均寿命
deaths	Deaths	deaths	死亡	Todesfälle	mortes	morti	décès	muertes	смерть	사망	死亡
fireball	Fireball	fireball	火の玉	Feuerball	bola de fogo	bolide	boule de feu	bola de fuego	огненный шар	불 덩어리	火球
fire spinner	Firespinner	fire spinner	火災スピナー	Feuer spinner	fogo giratório	fuoco filatore	feu spinner	fuego hilandero	пожар счетчик	불 스피너	火微调
boulder	Boulder	boulder	玉石	Felsbrocken	pedregulho	masso	rocher	roca	валун	둥근 돌	漂砾
spikey guy	SpikeyGuy	spikey guy	フック側男	spikey Kerl	spikey cara	spikey ragazzo	spikey gars	spikey tipo	Spikey парень	스파이크 사람	spikey家伙
spike	Spike	spike	スパイク	Spitze	espigão	punta	pointe	espiga	шип	스파이크	穗
falling	Falling	falling	落下	rückläufig	queda	caduta	chute	que cae	падение	전도	落下
lava	Lava	lava	溶岩	Lava	lava	lava	lave	lava	лава	용암	岩浆
blob	Blob	blob	ブロブ	Klecks	gota	goccia	goutte	gota	капля	얼룩	BLOB
laser	Laser	laser	レーザー	Laser	laser	laser	laser	láser	лазер	레이저	激光
falling spikey	FallingSpikey	falling spikey	フック側落下	fallen spikey	caindo spikey	caduta spikey	tomber spikey	cayendo spikey	падение Spikey	스파이크를 넘어	下降spikey
time limit	TimeLimit	time limit	タイムリミット	Frist	limite de tempo	termine	délai	plazo	срок	기일	时限
left behind	LeftBehind	left behind	取り残される	hinter sich gelassen	deixado para trás	lasciato	laissé	dejado atrás	оставил	남아	留下
other	Other	other	その他	andere	outro	altro	autre	otro	другой	다른	其他
Total	Total	Total	合計	Gesamt	Total	Totale	Total	Total	Общий	합계	总
Game Over	GameOver	Game Over	ゲームオーバー	Game Over	Game Over	Game Over	Game Over	Game Over	Game Over	이상 게임	游戏结束
New high score!	NewHighScore	New high score!	新しいハイスコア！	New High Score!	Alta pontuação Novo!	Nuovo punteggio più alto!	Nouveau score élevé!	Puntuación más alta ¡Nuevo!	Новый высокий балл!	최고 점수!	新的高得分！
Play again	PlayAgain	Play again	もう一度再生する	Wieder spielen	Jogar novamente	Gioca ancora	Rejouer	Jugar de nuevo	Играть снова	다시 재생	重新播放
High Scores	HighScores	High Scores	ハイスコ​​ア	High Scores	Pontuações mais altas	Punteggi più alti	Meilleurs scores	Puntuaciones	Рекорды	높은 점수	高分
Local	Local	Local	ローカル	Lokal	Local	Locale	Local	Local	Местный	지방의	当地
Global	Global	Global	グローバル	Weltweit	Global	Globale	Mondial	Global	Глобальный	글로벌	全球
Watch the computer to see how it is done	WatchComputer	Watch the computer to see how it's done!	それがどのように行われるかを確認するコンピュータを観る	Behalten Sie den Computerbildschirm zu sehen, wie es gemacht wird	Assista ao computador para ver como ele é feito	Guarda il computer per vedere come è fatto	Regarder l'ordinateur pour voir comment il est fait	Vea el equipo para ver cómo se hace	Смотреть компьютер, чтобы посмотреть, как это делается	이 수행하는 방법을 보려면 컴퓨터보기	观看电脑，看看它是如何做
Show a path through the level while you play	ShowPath	Show a path through the level while you play.	演奏中にレベルを通過するパスを表示	Zeigen Sie einen Weg durch die Level, während Sie spielen	Mostrar um caminho através do nível, enquanto você joga	Mostra un percorso attraverso il livello mentre si gioca	Montrer un chemin à travers le niveau pendant que vous jouez	Mostrar un camino a través del nivel mientras juegas	Показать путь через уровень во время игры	네가 연주하는 동안 레벨을 통해 경로를 표시	通过电平显示的路径，而你玩
Activate slow motion! Toggle with ___	ActivateSlowMo	Activate slow motion!	スローモーションをアクティブにします！	Aktivieren Zeitlupe!	Ative câmera lenta!	Attiva slow motion!	Activer ralenti!	Recibe en cámara lenta!	Активировать медленное движение!	느린 움직임을 활성화!	激活慢动作！
Paused	Paused	Paused	一時停止	Angehalten	Pausada	In pausa	Pause	En pausa	Приостановлена	일시 중지	暂停
Speed	Speed	Speed	スピード	Geschwindigkeit	Acelerar	Velocità	Vitesse	Acelerar	Скорость	속도	速度
Step [next frame]	Step	Step	手順	Schritt	Passo	Passo	Étape	Paso	Шаг	단계	步骤
Level Cleared!	LevelCleared	Level Cleared!	レベルはクリア！	Stufe Cleared!	Nível autorizado!	Livello Cancellato!	Niveau Cleared!	Nivel autorizado!	Эшелоне!	수준 잡습니다!	级别清除！
Keep Settings	KeepSettings	Keep Settings	設定を保持	Halten Sie Einstellungen	Manter configurações	Mantieni le impostazioni	Conserver les paramètres	Conservar ajustes	Хранить настройки	설정을 유지	保存设置
Watch Replay	WatchReplay	Watch Replay	リプレイを見てください	Schauen Replay	Assista Replay	Guarda Replay	Watch Replay	Mira Replay	Смотреть Replay	재생보기	观看重播
Back to Freeplay	BackToFreeplay	Back to Freeplay	遊びに戻る	Sichern, um Freeplay	Voltar ao Freeplay	Eseguire il backup di Freeplay	Retour vers Freeplay	Realice una copia de Freeplay	Назад к Freeplay	Freeplay로 돌아 가기	后以自由行动
Pause	Pause	Pause	休止	Pause	Pausa	Pausa	Pause	Pausa	Пауза	중지	暂停
Single	Single	Single	シングル	Single	Único	Singolo	Unique	Solo	Один	하나의	单
Previous	Previous	Prev	前	Früher	Anterior	Precedente	Précédent	Anterior	Предыдущий	이전	前
All	All	All	すべて	Alle	Todos	Tutti	Tous	Todos	Все	모든	所有
End	End	End	終わり	Ende	Final	Fine	Fin	Final	Конец	끝	结束
“Loading...”	Loading	Loading...	読み込んでいます...	Loading ...	Carregando ...	Caricamento in corso ...	Chargement en cours ...	Loading ...	Загрузка ...	로드 중입니다 ...	载入中...
“Hero unlocked!”	HeroUnlocked	Hero unlocked!	ヒーローがアンロック！	Helden freigeschaltet!	Herói desbloqueado!	Eroe sbloccato!	Hero débloqué!	Héroe desbloqueado!	Герой разблокирован!	영웅 잠금 해제!	英雄解锁！
“New hero unlocked!”	NewHeroUnlocked	New hero unlocked!	新しいヒーローがアンロック！	New Helden freigeschaltet!	Novo herói desbloqueado!	Eroe Nuovo sbloccato!	Nouveau héros débloqué!	Nuevo héroe desbloqueado!	Новый герой разблокирован!	새로운 영웅 해제!	新英雄解锁！
Buy	Buy	Buy	Buy	Buy	Buy	Buy	Buy	Buy	Buy	Buy	Buy
Hats for sale!	HatsForSale	Hats for sale!	Hats for sale!	Hats for sale!	Hats for sale!	Hats for sale!	Hats for sale!	Hats for sale!	Hats for sale!	Hats for sale!	Hats for sale!
Bank	Bank	Bank	Bank	Bank	Bank	Bank	Bank	Bank	Bank	Bank	Bank
Achievement	Achievement	Achievement	Achievement	Achievement	Achievement	Achievement	Achievement	Achievement	Achievement	Achievement	Achievement
Achievement Unlocked	AchievementUnlocked	Achievement Unlocked	Achievement Unlocked	Achievement Unlocked	Achievement Unlocked	Achievement Unlocked	Achievement Unlocked	Achievement Unlocked	Achievement Unlocked	Achievement Unlocked	Achievement Unlocked
Delete ____ seed? (Singular)	DeleteSeeds	Delete {0} seed?	Delete {0} seed?	Delete {0} seed?	Delete {0} seed?	Delete {0} seed?	Delete {0} seed?	Delete {0} seed?	Delete {0} seed?	Delete {0} seed?	Delete {0} seed?
Delete ____ seeds? (Plural)	DeleteSeedsPlural	Delete {0} seeds?	Delete {0} seeds?	Delete {0} seeds?	Delete {0} seeds?	Delete {0} seeds?	Delete {0} seeds?	Delete {0} seeds?	Delete {0} seeds?	Delete {0} seeds?	Delete {0} seeds?
Multiplier Increased!	MultiplierIncreased	Multiplier Increased!	Multiplier Increased!	Multiplier Increased!	Multiplier Increased!	Multiplier Increased!	Multiplier Increased!	Multiplier Increased!	Multiplier Increased!	Multiplier Increased!	Multiplier Increased!
Hold (A) to jump higher!	JumpHigherNote	Hold {0} to jump higher!	Hold {0} to jump higher!	Hold {0} to jump higher!	Hold {0} to jump higher!	Hold {0} to jump higher!	Hold {0} to jump higher!	Hold {0} to jump higher!	Hold {0} to jump higher!	Hold {0} to jump higher!	Hold {0} to jump higher!
Hold (LB) and (RB) to respawn quickly!	RespawnNoteGamepad	Hold {0} and {0} to respawn quickly!	Hold {0} and {0} to respawn quickly!	Hold {0} and {0} to respawn quickly!	Hold {0} and {0} to respawn quickly!	Hold {0} and {0} to respawn quickly!	Hold {0} and {0} to respawn quickly!	Hold {0} and {0} to respawn quickly!	Hold {0} and {0} to respawn quickly!	Hold {0} and {0} to respawn quickly!	Hold {0} and {0} to respawn quickly!
Press (space) to respawn quickly!	RespawnNoteKeyboard	Press {0} to respawn quickly!	Press {0} to respawn quickly!	Press {0} to respawn quickly!	Press {0} to respawn quickly!	Press {0} to respawn quickly!	Press {0} to respawn quickly!	Press {0} to respawn quickly!	Press {0} to respawn quickly!	Press {0} to respawn quickly!	Press {0} to respawn quickly!
Press (Y) for powerups!	PowerupNote	Press {0} for powerups!	Press {0} for powerups!	Press {0} for powerups!	Press {0} for powerups!	Press {0} for powerups!	Press {0} for powerups!	Press {0} for powerups!	Press {0} for powerups!	Press {0} for powerups!	Press {0} for powerups!
Required	Required	Required	Required	Required	Required	Required	Required	Required	Required	Required	Required
Title	AwardTitle_Campaign1	Hero in the making	意思のヒーロー	Der werdende Held	Heroe en Proceso	Eroe in divenire	Héros dans la fabrication	Héroe en la toma de	Герой почти готов	제작의 영웅	在本作中的英雄
Task	AwardText_Campaign1	Complete Chapter 1	第1章を完了	Kapitel 1 geschafft	Capitulo 1 Completo	Completa il capitolo 1	Compléter le chapitre 1	Completa el capítulo 1	Глава первая окончена	제 1 장 완료	完成第1章
Title: Performed well under pressure	AwardTitle_ArcadeHighScore	Clutch	クラッチ	Performer	Clutch	Frizione	Embrayage	Embrague	Классно	클러치	离合器
Task	AwardText_ArcadeHighScore	Score 500k in an arcade game	アーケードゲームでスコア50万	Mehr als 500k Punkte in den Arcade Games erreicht	Logra 500k en Arcade 	Punteggio 500k in un gioco arcade	Score 500k dans un jeu d'arcade	Score 500k en un juego de arcade	Набрал 500 тысяч очков в аркадной игре	아케이드 게임의 점수 50 만	分数500K街机游戏
Title	AwardTitle_Bungee	Cut the Cord	へその緒を切る	Cut the Cord	Cut the Cord	Tagliare il cavo di	Couper le cordon	Cortar el cable	Перережь нить	코드를 잘라	切断电源线
Task	AwardText_Bungee	Finish a bungee level with 3 dead allies	3死んだ同盟国とバンジーレベルを終了	Ein Bungeelevel mit drei toten Verbündeten schaffen	Termina un nivel bungee level con 3 aliados muertos	Completa un livello con l'elastico con 3 alleati morti	Terminer un niveau à l'élastique avec 3 alliés morts	Terminar un nivel de bungee con 3 aliados muertos	Окончил уровень бандажи, потерявши трёх союзников	3 죽은 아군과 번지 수준을 마침	完成一个的蹦极水平与3人死亡盟国
Title: Performed doubly well under pressure	AwardTitle_ArcadeHighScore2	Double-clutch	ダブルクラッチ	Super-Performer	Doble Clutch	A doppia frizione	À double embrayage	Haga doble embrague	В двойне классно	더블 클러치	双离合器
Task	AwardText_ArcadeHighScore2	Score 1.5 million in an arcade game	アーケードゲームでスコア150万	Mehr als 1,5 Mio. Punkte in einem Arcade Game erreicht	Logra 1.5 million en arcade	Punteggio ottenuto 1,5 milioni in un gioco arcade	Score 1,5 million en un jeu d'arcade	Puntuación 1,5 millones en un juego de arcade	Набрал 1.5 очков в аркадной игре	아케이드 게임의 점수 1,500,000	分数150万街机游戏
Title (noob is slang for someone who is new at a game)	AwardTitle_Die	Noob	初心者	Noob	Novato	Noob	Noob	Noob	Нуб	멍청한	新手上路
Task	AwardText_Die	Die 1337 Times	1337度も死ぬ	1337 mal sterben	Muere 1337 veces	Die 1337 volte	Die 1337 fois	Die 1337 veces	Помер 1337 раза	1337 시간 다이	模具1337次
Title (icon used is a shoe, just us being silly)	AwardTitle_Campaign3	Why is this a shoe?	なぜこのような靴ですか？	Wieso ist das ein Schuh?	Por que esto es un zapato?	Perché è una scarpa?	Pourquoi est-ce une chaussure?	¿Por qué es esto un zapato?	К чему башмак?	왜이 신발입니까?	为什么这是一个鞋吗？
Task	AwardText_Campaign3	Complete Chapter 3	第3章を完了	Level 3 schaffen	Capitulo 3 Completo	Completa il capitolo 3	Remplissez le chapitre 3	Completa el capítulo 3	Глава третья окончена	제 3 장을 완료	完成第3章
Title	AwardTitle_Invisible	Did you see that!?	あなたはそれを見ましたか？	Hast du das gesehen?! 	Viste eso!?	Hai visto?	Vous avez vu ça?	¿Has visto eso?	Видал!?	당신은 그것을 봤어요!?	你看到了吗？
Task	AwardText_Invisible	Get to level 20 while invisible in Escalation	レベル20に到達するエスカレーションで目に見えないながら	Level 20 erreichen während du in Escalation unsichtbar bist	Lleva a nivel 20 mientras Escaltion esta invisible	Raggiungere il livello 20, mentre invisibile Escalation	Atteindre le niveau 20, tandis que dans d'escalade invisible	Llegar a nivel 20, mientras que invisible en Escalation	20 уровень достигнуть с применением невидимости в обострение	20 레벨에받을 강화에 보이지 않는 동안	而无形的升级到20级
Title	AwardTitle_Hats	Gotta Hat 'em all	"すべての日帽子 ""お奨め"	Gotta Hat'em all	Gotta Hat ‘em all	Devo Hat 'em all	Faut Hat 'em all	Tengo Hat 'em all	Всем по шляпе	그들 모두 모자 든	总得Hat的所有
Task	AwardText_Hats	Collect Every Hat	すべての帽子を集める	Jeden Hut sammeln	Colecciona todos los sombreros 	Raccogliere Ogni Hat	Recueillir Chaque Hat	Recoge todos los sombreros	Собрал все шляпы	모든 모자를 수집	收集每顶帽子
Title	AwardTitle_Campaign2	Danger Ahead	アヘッド危険	Gefahr voraus	Peligro Adelante	Danger Ahead	danger Ahead	Peligro a la vista	Впереди опасность	앞서 위험	前面危险
Task	AwardText_Campaign2	Complete Chapter 2	第2章を完了	Kapitel 2 schaffen	Chapter 2 Completado	Completa il capitolo 2	Compléter le Chapitre 2	Completa el capítulo 2	Глава вторая завершена	제 2 장 완료	完成第2章
Title	AwardTitle_UnlockAllArcade	The End of Infinity	無限の果て	Das Ende des Unendlichen	El Final de la Infinidad	The End of Infinity	La fin de l'Infini	The End of Infinity	Конец бесконечности	무한대의 끝	无穷的终结
Task	AwardText_UnlockAllArcade	Unlock every arcade game	すべてのアーケードゲームのロックを解除	Jedes Arcade Game freischalten	Desbloquea todos los arcade 	Sblocca ogni gioco arcade	Débloquez tous les jeux d'arcade	Desbloquear todos los juegos de arcada	Все аркадные игры открыты	모든 아케이드 게임을 잠금 해제	每街机游戏解锁
Title	AwardTitle_NoDeath	My Beard is Impenetrable	私のひげはブウィンディです	Mein Bart ist undurchdringlich	Mi barba es impenetrable 	La mia barba è impenetrabile	Ma barbe est impénétrable	Mi barba es Impenetrable	Борода моя непроницаема	내 수염이 뚫리지입니다	我的胡子是牢不可破的
Task	AwardText_NoDeath	Complete a chapter without dying	死なずに章を完了	Ein Kapitel überleben	Termina un capitulo sin morir 	Completa un capitolo senza morire	Complétez un chapitre sans mourir	Completa un capítulo sin morir	Окончить главу не погибнув	죽지 않고 장을 완료	完成一章，没有死亡
Title	AwardTitle_Save	That level was nuts!	そのレベルはナッツだった！	Das Level war total irre! 	Ese nivel estuvoThat level was nuts!	Tale livello è stato noci!	Ce niveau était fou!	Ese nivel estaba loco!	Этот уровень был убойным!	그 수준은 제정신이 아니라고!	这个水平是疯了！
Task	AwardText_Save	Save a level code	レベルのコードを保存します	Level Code speichern	Save a level code	Salvataggio di un codice di livello	Enregistrer un code de niveau	Guardar un código de nivel	Сохранить код уровня	레벨 코드를 저장	保存代码
Title	AwardTitle_Obstacles	I bet you lost count	私はあなたがカウントを失っ賭ける	Ich wette du hast aufgehört zu zählen	I bet you lost count	Scommetto che perso il conto	Je parie que tu ne compte plus	Apuesto a que perdió la cuenta	Небось просчитался	당신이 잊었 겠지	我敢打赌，你记不清
Task	AwardText_Obstacles	This is how many obstacles you have already seen	これは、すでに見てきたどのように多くの障害がある	So viele Hinderisse sind dir schon begegnet	This is how many obstacles you have already seen	Questo è il numero di ostacoli che avete già visto	C'est le nombre d'obstacles que vous avez déjà vu	Así es como muchos obstáculos ya ha visto	Вот сколько препятствий ты уже видел	이렇게하면 이미 본 얼마나 많은 장애물입니다	这是多少障碍，你已经看到了
Title	AwardTitle_Buy	I've bought the power!	私は電源を買ってきた！	I've bought the power!	He comprador el poder! 	Ho comprato il potere!	J'ai acheté le pouvoir!	He comprado el poder!	Со мною сила!	난 힘을 구입 한!	我已经买了的力量！
Task	AwardText_Buy	Buy your first powerup	最初の電源投入を購入	Kauf deinen ersten Bonuspunkt	Compra tu primer power-up	Acquista il tuo prima accensione	Acheter votre première mise sous tension	Compre su primera powerup	Купил первую подзарядку	첫 번째 powerup 구매	买你的第一次通电
Title	AwardTitle_Campaign4	The End?	終わりか？	Das Ende?	El fin?	La Fine?	The End?	The End?	Конец?	끝?	到底是什么？
Task	AwardText_Campaign4	Finish the Story	ストーリーを完了	Die Geschichte beenden	Termina la historia	Completa la storia	Terminer l'histoire	Termina el Story	Окончил повесть	이야기를 끝내	不完的故事
Title	AwardTitle_BuyHat	No, it looks good, trust me	いいえ、それはよさそうだ、私を信じて	Vertrau mir, das sieht gut aus! 	No, se ve bien, crème	No, si guarda bene, mi creda	Non, il semble bien, croyez-moi	No, se ve bien, confía en mí	Нет, кажется нормально	아니, 좋아 보인다, 날 믿어	不，看起来不错，相信我，
Task	AwardText_BuyHat	Buy your first hat	最初の帽子を購入する	Kaufe deinen ersten Hut	Compra tu primer sombrero 	Acquista il tuo primo cappello	Acheter votre premier chapeau	Compre su primer hat	Купил первую шляпу	첫 번째 모자를 구입	买你的第一顶帽子
Title	AwardTitle_HeroRush2Level	Jack of all Heroes	すべての英雄のジャック	Hansdampf aller Helden	Aprendiz de todos los Heroes	Jack of all Heroes	Jack de tous les héros	Jack de todos los Héroes	Многосторонний герой	모든 영웅의 잭	杰克的所有英雄
Task	AwardText_HeroRush2Level	Reach Hybrid Rush level 50	ハイブリッドラッシュレベル50に到達	Hybrid Rush Level 50 erreichen	Llega a Hybrid Rush nivel 50	Raggiungi il livello Hybrid Rush 50	Atteignez le niveau 50 Rush hybride	Alcanza el nivel 50 Fiebre del híbrido	Достигнут 50 уровень смешанного рывка	하이브리드 러쉬 레벨 50 달성	混合拉什水平达到50
Title	AwardTitle_Replay	Look what you have done	あなたがしたことを見て	Sieh was du angerichtet hast	Mira lo que has hecho	Guarda quello che hai fatto	Regardez ce que vous avez fait	Mira lo que has hecho	Смотри что натворил	당신이 한 짓을 봐라	看你做了什么
Task	AwardText_Replay	Watch a replay with 50+ attempts	50 +の試みでリプレイを鑑賞	Schau dir ein Replay mit 50+ Versuchen an	Mira un replay con mas de 50 intentos 	Guarda un replay con 50 + tentativi	Regarder un autre match avec 50 + tentatives	Ver la repetición con 50 + intentos	Просмотрел запись с 50+ попытками	50 + 시도와 재생보기	观看回放录像时，50 +的尝试
Title (clean phrase for declaring something to be a lie)	AwardTitle_Campaign5	Shenanigans!	ペテン！	Das ist gelogen! 	Shenanigans!	Shenanigans!	Shenanigans!	Shenanigans!	Лапша!	헛소리!	有心计！
Task	AwardText_Campaign5	Complete Chapter 5	第5章を完了	Kaptiel 5 schaffen	Capiutlo 5 completo	Completa il capitolo 5	Compléter le Chapitre 5	Completa el capítulo 5	Глава пятая окончена	제 5 장을 완료	完成第5章
